{
  "nodes": [
    {
      "op": "null", 
      "param": {}, 
      "name": "relu4_3_scale", 
      "inputs": [], 
      "backward_source_id": -1, 
      "attr": {"__shape__": "(1, 512, 1, 1)"}
    }, 
    {
      "op": "null", 
      "param": {}, 
      "name": "data", 
      "inputs": [], 
      "backward_source_id": -1
    }, 
    {
      "op": "null", 
      "param": {}, 
      "name": "conv1_1_weight", 
      "inputs": [], 
      "backward_source_id": -1
    }, 
    {
      "op": "null", 
      "param": {}, 
      "name": "conv1_1_bias", 
      "inputs": [], 
      "backward_source_id": -1
    }, 
    {
      "op": "Convolution", 
      "param": {
        "cudnn_off": "False", 
        "cudnn_tune": "off", 
        "dilate": "(1,1)", 
        "kernel": "(3,3)", 
        "no_bias": "False", 
        "num_filter": "64", 
        "num_group": "1", 
        "pad": "(1,1)", 
        "stride": "(1,1)", 
        "workspace": "1024"
      }, 
      "name": "conv1_1", 
      "inputs": [[1, 0], [2, 0], [3, 0]], 
      "backward_source_id": -1
    }, 
    {
      "op": "Activation", 
      "param": {"act_type": "relu"}, 
      "name": "relu1_1", 
      "inputs": [[4, 0]], 
      "backward_source_id": -1
    }, 
    {
      "op": "null", 
      "param": {}, 
      "name": "conv1_2_weight", 
      "inputs": [], 
      "backward_source_id": -1
    }, 
    {
      "op": "null", 
      "param": {}, 
      "name": "conv1_2_bias", 
      "inputs": [], 
      "backward_source_id": -1
    }, 
    {
      "op": "Convolution", 
      "param": {
        "cudnn_off": "False", 
        "cudnn_tune": "off", 
        "dilate": "(1,1)", 
        "kernel": "(3,3)", 
        "no_bias": "False", 
        "num_filter": "64", 
        "num_group": "1", 
        "pad": "(1,1)", 
        "stride": "(1,1)", 
        "workspace": "1024"
      }, 
      "name": "conv1_2", 
      "inputs": [[5, 0], [6, 0], [7, 0]], 
      "backward_source_id": -1
    }, 
    {
      "op": "Activation", 
      "param": {"act_type": "relu"}, 
      "name": "relu1_2", 
      "inputs": [[8, 0]], 
      "backward_source_id": -1
    }, 
    {
      "op": "Pooling", 
      "param": {
        "global_pool": "False", 
        "kernel": "(2,2)", 
        "pad": "(0,0)", 
        "pool_type": "max", 
        "pooling_convention": "valid", 
        "stride": "(2,2)"
      }, 
      "name": "pool1", 
      "inputs": [[9, 0]], 
      "backward_source_id": -1
    }, 
    {
      "op": "null", 
      "param": {}, 
      "name": "conv2_1_weight", 
      "inputs": [], 
      "backward_source_id": -1
    }, 
    {
      "op": "null", 
      "param": {}, 
      "name": "conv2_1_bias", 
      "inputs": [], 
      "backward_source_id": -1
    }, 
    {
      "op": "Convolution", 
      "param": {
        "cudnn_off": "False", 
        "cudnn_tune": "off", 
        "dilate": "(1,1)", 
        "kernel": "(3,3)", 
        "no_bias": "False", 
        "num_filter": "128", 
        "num_group": "1", 
        "pad": "(1,1)", 
        "stride": "(1,1)", 
        "workspace": "1024"
      }, 
      "name": "conv2_1", 
      "inputs": [[10, 0], [11, 0], [12, 0]], 
      "backward_source_id": -1
    }, 
    {
      "op": "Activation", 
      "param": {"act_type": "relu"}, 
      "name": "relu2_1", 
      "inputs": [[13, 0]], 
      "backward_source_id": -1
    }, 
    {
      "op": "null", 
      "param": {}, 
      "name": "conv2_2_weight", 
      "inputs": [], 
      "backward_source_id": -1
    }, 
    {
      "op": "null", 
      "param": {}, 
      "name": "conv2_2_bias", 
      "inputs": [], 
      "backward_source_id": -1
    }, 
    {
      "op": "Convolution", 
      "param": {
        "cudnn_off": "False", 
        "cudnn_tune": "off", 
        "dilate": "(1,1)", 
        "kernel": "(3,3)", 
        "no_bias": "False", 
        "num_filter": "128", 
        "num_group": "1", 
        "pad": "(1,1)", 
        "stride": "(1,1)", 
        "workspace": "1024"
      }, 
      "name": "conv2_2", 
      "inputs": [[14, 0], [15, 0], [16, 0]], 
      "backward_source_id": -1
    }, 
    {
      "op": "Activation", 
      "param": {"act_type": "relu"}, 
      "name": "relu2_2", 
      "inputs": [[17, 0]], 
      "backward_source_id": -1
    }, 
    {
      "op": "Pooling", 
      "param": {
        "global_pool": "False", 
        "kernel": "(2,2)", 
        "pad": "(0,0)", 
        "pool_type": "max", 
        "pooling_convention": "valid", 
        "stride": "(2,2)"
      }, 
      "name": "pool2", 
      "inputs": [[18, 0]], 
      "backward_source_id": -1
    }, 
    {
      "op": "null", 
      "param": {}, 
      "name": "conv3_1_weight", 
      "inputs": [], 
      "backward_source_id": -1
    }, 
    {
      "op": "null", 
      "param": {}, 
      "name": "conv3_1_bias", 
      "inputs": [], 
      "backward_source_id": -1
    }, 
    {
      "op": "Convolution", 
      "param": {
        "cudnn_off": "False", 
        "cudnn_tune": "off", 
        "dilate": "(1,1)", 
        "kernel": "(3,3)", 
        "no_bias": "False", 
        "num_filter": "256", 
        "num_group": "1", 
        "pad": "(1,1)", 
        "stride": "(1,1)", 
        "workspace": "1024"
      }, 
      "name": "conv3_1", 
      "inputs": [[19, 0], [20, 0], [21, 0]], 
      "backward_source_id": -1
    }, 
    {
      "op": "Activation", 
      "param": {"act_type": "relu"}, 
      "name": "relu3_1", 
      "inputs": [[22, 0]], 
      "backward_source_id": -1
    }, 
    {
      "op": "null", 
      "param": {}, 
      "name": "conv3_2_weight", 
      "inputs": [], 
      "backward_source_id": -1
    }, 
    {
      "op": "null", 
      "param": {}, 
      "name": "conv3_2_bias", 
      "inputs": [], 
      "backward_source_id": -1
    }, 
    {
      "op": "Convolution", 
      "param": {
        "cudnn_off": "False", 
        "cudnn_tune": "off", 
        "dilate": "(1,1)", 
        "kernel": "(3,3)", 
        "no_bias": "False", 
        "num_filter": "256", 
        "num_group": "1", 
        "pad": "(1,1)", 
        "stride": "(1,1)", 
        "workspace": "1024"
      }, 
      "name": "conv3_2", 
      "inputs": [[23, 0], [24, 0], [25, 0]], 
      "backward_source_id": -1
    }, 
    {
      "op": "Activation", 
      "param": {"act_type": "relu"}, 
      "name": "relu3_2", 
      "inputs": [[26, 0]], 
      "backward_source_id": -1
    }, 
    {
      "op": "null", 
      "param": {}, 
      "name": "conv3_3_weight", 
      "inputs": [], 
      "backward_source_id": -1
    }, 
    {
      "op": "null", 
      "param": {}, 
      "name": "conv3_3_bias", 
      "inputs": [], 
      "backward_source_id": -1
    }, 
    {
      "op": "Convolution", 
      "param": {
        "cudnn_off": "False", 
        "cudnn_tune": "off", 
        "dilate": "(1,1)", 
        "kernel": "(3,3)", 
        "no_bias": "False", 
        "num_filter": "256", 
        "num_group": "1", 
        "pad": "(1,1)", 
        "stride": "(1,1)", 
        "workspace": "1024"
      }, 
      "name": "conv3_3", 
      "inputs": [[27, 0], [28, 0], [29, 0]], 
      "backward_source_id": -1
    }, 
    {
      "op": "Activation", 
      "param": {"act_type": "relu"}, 
      "name": "relu3_3", 
      "inputs": [[30, 0]], 
      "backward_source_id": -1
    }, 
    {
      "op": "Pooling", 
      "param": {
        "global_pool": "False", 
        "kernel": "(2,2)", 
        "pad": "(0,0)", 
        "pool_type": "max", 
        "pooling_convention": "full", 
        "stride": "(2,2)"
      }, 
      "name": "pool3", 
      "inputs": [[31, 0]], 
      "backward_source_id": -1
    }, 
    {
      "op": "null", 
      "param": {}, 
      "name": "conv4_1_weight", 
      "inputs": [], 
      "backward_source_id": -1
    }, 
    {
      "op": "null", 
      "param": {}, 
      "name": "conv4_1_bias", 
      "inputs": [], 
      "backward_source_id": -1
    }, 
    {
      "op": "Convolution", 
      "param": {
        "cudnn_off": "False", 
        "cudnn_tune": "off", 
        "dilate": "(1,1)", 
        "kernel": "(3,3)", 
        "no_bias": "False", 
        "num_filter": "512", 
        "num_group": "1", 
        "pad": "(1,1)", 
        "stride": "(1,1)", 
        "workspace": "1024"
      }, 
      "name": "conv4_1", 
      "inputs": [[32, 0], [33, 0], [34, 0]], 
      "backward_source_id": -1
    }, 
    {
      "op": "Activation", 
      "param": {"act_type": "relu"}, 
      "name": "relu4_1", 
      "inputs": [[35, 0]], 
      "backward_source_id": -1
    }, 
    {
      "op": "null", 
      "param": {}, 
      "name": "conv4_2_weight", 
      "inputs": [], 
      "backward_source_id": -1
    }, 
    {
      "op": "null", 
      "param": {}, 
      "name": "conv4_2_bias", 
      "inputs": [], 
      "backward_source_id": -1
    }, 
    {
      "op": "Convolution", 
      "param": {
        "cudnn_off": "False", 
        "cudnn_tune": "off", 
        "dilate": "(1,1)", 
        "kernel": "(3,3)", 
        "no_bias": "False", 
        "num_filter": "512", 
        "num_group": "1", 
        "pad": "(1,1)", 
        "stride": "(1,1)", 
        "workspace": "1024"
      }, 
      "name": "conv4_2", 
      "inputs": [[36, 0], [37, 0], [38, 0]], 
      "backward_source_id": -1
    }, 
    {
      "op": "Activation", 
      "param": {"act_type": "relu"}, 
      "name": "relu4_2", 
      "inputs": [[39, 0]], 
      "backward_source_id": -1
    }, 
    {
      "op": "null", 
      "param": {}, 
      "name": "conv4_3_weight", 
      "inputs": [], 
      "backward_source_id": -1
    }, 
    {
      "op": "null", 
      "param": {}, 
      "name": "conv4_3_bias", 
      "inputs": [], 
      "backward_source_id": -1
    }, 
    {
      "op": "Convolution", 
      "param": {
        "cudnn_off": "False", 
        "cudnn_tune": "off", 
        "dilate": "(1,1)", 
        "kernel": "(3,3)", 
        "no_bias": "False", 
        "num_filter": "512", 
        "num_group": "1", 
        "pad": "(1,1)", 
        "stride": "(1,1)", 
        "workspace": "1024"
      }, 
      "name": "conv4_3", 
      "inputs": [[40, 0], [41, 0], [42, 0]], 
      "backward_source_id": -1
    }, 
    {
      "op": "Activation", 
      "param": {"act_type": "relu"}, 
      "name": "relu4_3", 
      "inputs": [[43, 0]], 
      "backward_source_id": -1
    }, 
    {
      "op": "L2Normalization", 
      "param": {
        "eps": "1e-10", 
        "mode": "channel"
      }, 
      "name": "relu4_3_norm", 
      "inputs": [[44, 0]], 
      "backward_source_id": -1
    }, 
    {
      "op": "broadcast_mul", 
      "param": {}, 
      "name": "broadcast_mul0", 
      "inputs": [[0, 0], [45, 0]], 
      "backward_source_id": -1
    }, 
    {
      "op": "_MulScalar", 
      "param": {"scalar": "20"}, 
      "name": "_mulscalar0", 
      "inputs": [[46, 0]], 
      "backward_source_id": -1
    }, 
    {
      "op": "null", 
      "param": {}, 
      "name": "relu4_3_cls_pred_conv_weight", 
      "inputs": [], 
      "backward_source_id": -1
    }, 
    {
      "op": "null", 
      "param": {}, 
      "name": "relu4_3_cls_pred_conv_bias", 
      "inputs": [], 
      "backward_source_id": -1
    }, 
    {
      "op": "Convolution", 
      "param": {
        "cudnn_off": "False", 
        "cudnn_tune": "off", 
        "dilate": "(1,1)", 
        "kernel": "(3,3)", 
        "no_bias": "False", 
        "num_filter": "63", 
        "num_group": "1", 
        "pad": "(1,1)", 
        "stride": "(1,1)", 
        "workspace": "1024"
      }, 
      "name": "relu4_3_cls_pred_conv", 
      "inputs": [[47, 0], [48, 0], [49, 0]], 
      "backward_source_id": -1
    }, 
    {
      "op": "transpose", 
      "param": {"axes": "(0, 2, 3, 1)"}, 
      "name": "transpose1", 
      "inputs": [[50, 0]], 
      "backward_source_id": -1
    }, 
    {
      "op": "Flatten", 
      "param": {}, 
      "name": "flatten1", 
      "inputs": [[51, 0]], 
      "backward_source_id": -1
    }, 
    {
      "op": "Pooling", 
      "param": {
        "global_pool": "False", 
        "kernel": "(2,2)", 
        "pad": "(0,0)", 
        "pool_type": "max", 
        "pooling_convention": "valid", 
        "stride": "(2,2)"
      }, 
      "name": "pool4", 
      "inputs": [[44, 0]], 
      "backward_source_id": -1
    }, 
    {
      "op": "null", 
      "param": {}, 
      "name": "conv5_1_weight", 
      "inputs": [], 
      "backward_source_id": -1
    }, 
    {
      "op": "null", 
      "param": {}, 
      "name": "conv5_1_bias", 
      "inputs": [], 
      "backward_source_id": -1
    }, 
    {
      "op": "Convolution", 
      "param": {
        "cudnn_off": "False", 
        "cudnn_tune": "off", 
        "dilate": "(1,1)", 
        "kernel": "(3,3)", 
        "no_bias": "False", 
        "num_filter": "512", 
        "num_group": "1", 
        "pad": "(1,1)", 
        "stride": "(1,1)", 
        "workspace": "1024"
      }, 
      "name": "conv5_1", 
      "inputs": [[53, 0], [54, 0], [55, 0]], 
      "backward_source_id": -1
    }, 
    {
      "op": "Activation", 
      "param": {"act_type": "relu"}, 
      "name": "relu5_1", 
      "inputs": [[56, 0]], 
      "backward_source_id": -1
    }, 
    {
      "op": "null", 
      "param": {}, 
      "name": "conv5_2_weight", 
      "inputs": [], 
      "backward_source_id": -1
    }, 
    {
      "op": "null", 
      "param": {}, 
      "name": "conv5_2_bias", 
      "inputs": [], 
      "backward_source_id": -1
    }, 
    {
      "op": "Convolution", 
      "param": {
        "cudnn_off": "False", 
        "cudnn_tune": "off", 
        "dilate": "(1,1)", 
        "kernel": "(3,3)", 
        "no_bias": "False", 
        "num_filter": "512", 
        "num_group": "1", 
        "pad": "(1,1)", 
        "stride": "(1,1)", 
        "workspace": "1024"
      }, 
      "name": "conv5_2", 
      "inputs": [[57, 0], [58, 0], [59, 0]], 
      "backward_source_id": -1
    }, 
    {
      "op": "Activation", 
      "param": {"act_type": "relu"}, 
      "name": "relu5_2", 
      "inputs": [[60, 0]], 
      "backward_source_id": -1
    }, 
    {
      "op": "null", 
      "param": {}, 
      "name": "conv5_3_weight", 
      "inputs": [], 
      "backward_source_id": -1
    }, 
    {
      "op": "null", 
      "param": {}, 
      "name": "conv5_3_bias", 
      "inputs": [], 
      "backward_source_id": -1
    }, 
    {
      "op": "Convolution", 
      "param": {
        "cudnn_off": "False", 
        "cudnn_tune": "off", 
        "dilate": "(1,1)", 
        "kernel": "(3,3)", 
        "no_bias": "False", 
        "num_filter": "512", 
        "num_group": "1", 
        "pad": "(1,1)", 
        "stride": "(1,1)", 
        "workspace": "1024"
      }, 
      "name": "conv5_3", 
      "inputs": [[61, 0], [62, 0], [63, 0]], 
      "backward_source_id": -1
    }, 
    {
      "op": "Activation", 
      "param": {"act_type": "relu"}, 
      "name": "relu5_3", 
      "inputs": [[64, 0]], 
      "backward_source_id": -1
    }, 
    {
      "op": "Pooling", 
      "param": {
        "global_pool": "False", 
        "kernel": "(3,3)", 
        "pad": "(1,1)", 
        "pool_type": "max", 
        "pooling_convention": "valid", 
        "stride": "(1,1)"
      }, 
      "name": "pool5", 
      "inputs": [[65, 0]], 
      "backward_source_id": -1
    }, 
    {
      "op": "null", 
      "param": {}, 
      "name": "conv6_weight", 
      "inputs": [], 
      "backward_source_id": -1
    }, 
    {
      "op": "null", 
      "param": {}, 
      "name": "conv6_bias", 
      "inputs": [], 
      "backward_source_id": -1
    }, 
    {
      "op": "Convolution", 
      "param": {
        "cudnn_off": "False", 
        "cudnn_tune": "off", 
        "dilate": "(6,6)", 
        "kernel": "(3,3)", 
        "no_bias": "False", 
        "num_filter": "1024", 
        "num_group": "1", 
        "pad": "(6,6)", 
        "stride": "(1,1)", 
        "workspace": "1024"
      }, 
      "name": "conv6", 
      "inputs": [[66, 0], [67, 0], [68, 0]], 
      "backward_source_id": -1
    }, 
    {
      "op": "Activation", 
      "param": {"act_type": "relu"}, 
      "name": "relu6", 
      "inputs": [[69, 0]], 
      "backward_source_id": -1
    }, 
    {
      "op": "null", 
      "param": {}, 
      "name": "conv7_weight", 
      "inputs": [], 
      "backward_source_id": -1
    }, 
    {
      "op": "null", 
      "param": {}, 
      "name": "conv7_bias", 
      "inputs": [], 
      "backward_source_id": -1
    }, 
    {
      "op": "Convolution", 
      "param": {
        "cudnn_off": "False", 
        "cudnn_tune": "off", 
        "dilate": "(1,1)", 
        "kernel": "(1,1)", 
        "no_bias": "False", 
        "num_filter": "1024", 
        "num_group": "1", 
        "pad": "(0,0)", 
        "stride": "(1,1)", 
        "workspace": "1024"
      }, 
      "name": "conv7", 
      "inputs": [[70, 0], [71, 0], [72, 0]], 
      "backward_source_id": -1
    }, 
    {
      "op": "Activation", 
      "param": {"act_type": "relu"}, 
      "name": "relu7", 
      "inputs": [[73, 0]], 
      "backward_source_id": -1
    }, 
    {
      "op": "null", 
      "param": {}, 
      "name": "relu7_cls_pred_conv_weight", 
      "inputs": [], 
      "backward_source_id": -1
    }, 
    {
      "op": "null", 
      "param": {}, 
      "name": "relu7_cls_pred_conv_bias", 
      "inputs": [], 
      "backward_source_id": -1
    }, 
    {
      "op": "Convolution", 
      "param": {
        "cudnn_off": "False", 
        "cudnn_tune": "off", 
        "dilate": "(1,1)", 
        "kernel": "(3,3)", 
        "no_bias": "False", 
        "num_filter": "126", 
        "num_group": "1", 
        "pad": "(1,1)", 
        "stride": "(1,1)", 
        "workspace": "1024"
      }, 
      "name": "relu7_cls_pred_conv", 
      "inputs": [[74, 0], [75, 0], [76, 0]], 
      "backward_source_id": -1
    }, 
    {
      "op": "transpose", 
      "param": {"axes": "(0, 2, 3, 1)"}, 
      "name": "transpose3", 
      "inputs": [[77, 0]], 
      "backward_source_id": -1
    }, 
    {
      "op": "Flatten", 
      "param": {}, 
      "name": "flatten4", 
      "inputs": [[78, 0]], 
      "backward_source_id": -1
    }, 
    {
      "op": "null", 
      "param": {}, 
      "name": "conv8_1_weight", 
      "inputs": [], 
      "backward_source_id": -1
    }, 
    {
      "op": "null", 
      "param": {}, 
      "name": "conv8_1_bias", 
      "inputs": [], 
      "backward_source_id": -1
    }, 
    {
      "op": "Convolution", 
      "param": {
        "cudnn_off": "False", 
        "cudnn_tune": "off", 
        "dilate": "(1,1)", 
        "kernel": "(1,1)", 
        "no_bias": "False", 
        "num_filter": "256", 
        "num_group": "1", 
        "pad": "(0,0)", 
        "stride": "(1,1)", 
        "workspace": "1024"
      }, 
      "name": "conv8_1", 
      "inputs": [[74, 0], [80, 0], [81, 0]], 
      "backward_source_id": -1
    }, 
    {
      "op": "Activation", 
      "param": {"act_type": "relu"}, 
      "name": "relu8_1", 
      "inputs": [[82, 0]], 
      "backward_source_id": -1
    }, 
    {
      "op": "null", 
      "param": {}, 
      "name": "conv8_2_weight", 
      "inputs": [], 
      "backward_source_id": -1
    }, 
    {
      "op": "null", 
      "param": {}, 
      "name": "conv8_2_bias", 
      "inputs": [], 
      "backward_source_id": -1
    }, 
    {
      "op": "Convolution", 
      "param": {
        "cudnn_off": "False", 
        "cudnn_tune": "off", 
        "dilate": "(1,1)", 
        "kernel": "(3,3)", 
        "no_bias": "False", 
        "num_filter": "512", 
        "num_group": "1", 
        "pad": "(1,1)", 
        "stride": "(2,2)", 
        "workspace": "1024"
      }, 
      "name": "conv8_2", 
      "inputs": [[83, 0], [84, 0], [85, 0]], 
      "backward_source_id": -1
    }, 
    {
      "op": "Activation", 
      "param": {"act_type": "relu"}, 
      "name": "relu8_2", 
      "inputs": [[86, 0]], 
      "backward_source_id": -1
    }, 
    {
      "op": "null", 
      "param": {}, 
      "name": "relu8_2_cls_pred_conv_weight", 
      "inputs": [], 
      "backward_source_id": -1
    }, 
    {
      "op": "null", 
      "param": {}, 
      "name": "relu8_2_cls_pred_conv_bias", 
      "inputs": [], 
      "backward_source_id": -1
    }, 
    {
      "op": "Convolution", 
      "param": {
        "cudnn_off": "False", 
        "cudnn_tune": "off", 
        "dilate": "(1,1)", 
        "kernel": "(3,3)", 
        "no_bias": "False", 
        "num_filter": "126", 
        "num_group": "1", 
        "pad": "(1,1)", 
        "stride": "(1,1)", 
        "workspace": "1024"
      }, 
      "name": "relu8_2_cls_pred_conv", 
      "inputs": [[87, 0], [88, 0], [89, 0]], 
      "backward_source_id": -1
    }, 
    {
      "op": "transpose", 
      "param": {"axes": "(0, 2, 3, 1)"}, 
      "name": "transpose5", 
      "inputs": [[90, 0]], 
      "backward_source_id": -1
    }, 
    {
      "op": "Flatten", 
      "param": {}, 
      "name": "flatten7", 
      "inputs": [[91, 0]], 
      "backward_source_id": -1
    }, 
    {
      "op": "null", 
      "param": {}, 
      "name": "conv9_1_weight", 
      "inputs": [], 
      "backward_source_id": -1
    }, 
    {
      "op": "null", 
      "param": {}, 
      "name": "conv9_1_bias", 
      "inputs": [], 
      "backward_source_id": -1
    }, 
    {
      "op": "Convolution", 
      "param": {
        "cudnn_off": "False", 
        "cudnn_tune": "off", 
        "dilate": "(1,1)", 
        "kernel": "(1,1)", 
        "no_bias": "False", 
        "num_filter": "128", 
        "num_group": "1", 
        "pad": "(0,0)", 
        "stride": "(1,1)", 
        "workspace": "1024"
      }, 
      "name": "conv9_1", 
      "inputs": [[87, 0], [93, 0], [94, 0]], 
      "backward_source_id": -1
    }, 
    {
      "op": "Activation", 
      "param": {"act_type": "relu"}, 
      "name": "relu9_1", 
      "inputs": [[95, 0]], 
      "backward_source_id": -1
    }, 
    {
      "op": "null", 
      "param": {}, 
      "name": "conv9_2_weight", 
      "inputs": [], 
      "backward_source_id": -1
    }, 
    {
      "op": "null", 
      "param": {}, 
      "name": "conv9_2_bias", 
      "inputs": [], 
      "backward_source_id": -1
    }, 
    {
      "op": "Convolution", 
      "param": {
        "cudnn_off": "False", 
        "cudnn_tune": "off", 
        "dilate": "(1,1)", 
        "kernel": "(3,3)", 
        "no_bias": "False", 
        "num_filter": "256", 
        "num_group": "1", 
        "pad": "(1,1)", 
        "stride": "(2,2)", 
        "workspace": "1024"
      }, 
      "name": "conv9_2", 
      "inputs": [[96, 0], [97, 0], [98, 0]], 
      "backward_source_id": -1
    }, 
    {
      "op": "Activation", 
      "param": {"act_type": "relu"}, 
      "name": "relu9_2", 
      "inputs": [[99, 0]], 
      "backward_source_id": -1
    }, 
    {
      "op": "null", 
      "param": {}, 
      "name": "relu9_2_cls_pred_conv_weight", 
      "inputs": [], 
      "backward_source_id": -1
    }, 
    {
      "op": "null", 
      "param": {}, 
      "name": "relu9_2_cls_pred_conv_bias", 
      "inputs": [], 
      "backward_source_id": -1
    }, 
    {
      "op": "Convolution", 
      "param": {
        "cudnn_off": "False", 
        "cudnn_tune": "off", 
        "dilate": "(1,1)", 
        "kernel": "(3,3)", 
        "no_bias": "False", 
        "num_filter": "126", 
        "num_group": "1", 
        "pad": "(1,1)", 
        "stride": "(1,1)", 
        "workspace": "1024"
      }, 
      "name": "relu9_2_cls_pred_conv", 
      "inputs": [[100, 0], [101, 0], [102, 0]], 
      "backward_source_id": -1
    }, 
    {
      "op": "transpose", 
      "param": {"axes": "(0, 2, 3, 1)"}, 
      "name": "transpose7", 
      "inputs": [[103, 0]], 
      "backward_source_id": -1
    }, 
    {
      "op": "Flatten", 
      "param": {}, 
      "name": "flatten10", 
      "inputs": [[104, 0]], 
      "backward_source_id": -1
    }, 
    {
      "op": "null", 
      "param": {}, 
      "name": "conv10_1_weight", 
      "inputs": [], 
      "backward_source_id": -1
    }, 
    {
      "op": "null", 
      "param": {}, 
      "name": "conv10_1_bias", 
      "inputs": [], 
      "backward_source_id": -1
    }, 
    {
      "op": "Convolution", 
      "param": {
        "cudnn_off": "False", 
        "cudnn_tune": "off", 
        "dilate": "(1,1)", 
        "kernel": "(1,1)", 
        "no_bias": "False", 
        "num_filter": "128", 
        "num_group": "1", 
        "pad": "(0,0)", 
        "stride": "(1,1)", 
        "workspace": "1024"
      }, 
      "name": "conv10_1", 
      "inputs": [[100, 0], [106, 0], [107, 0]], 
      "backward_source_id": -1
    }, 
    {
      "op": "Activation", 
      "param": {"act_type": "relu"}, 
      "name": "relu10_1", 
      "inputs": [[108, 0]], 
      "backward_source_id": -1
    }, 
    {
      "op": "null", 
      "param": {}, 
      "name": "conv10_2_weight", 
      "inputs": [], 
      "backward_source_id": -1
    }, 
    {
      "op": "null", 
      "param": {}, 
      "name": "conv10_2_bias", 
      "inputs": [], 
      "backward_source_id": -1
    }, 
    {
      "op": "Convolution", 
      "param": {
        "cudnn_off": "False", 
        "cudnn_tune": "off", 
        "dilate": "(1,1)", 
        "kernel": "(3,3)", 
        "no_bias": "False", 
        "num_filter": "256", 
        "num_group": "1", 
        "pad": "(1,1)", 
        "stride": "(2,2)", 
        "workspace": "1024"
      }, 
      "name": "conv10_2", 
      "inputs": [[109, 0], [110, 0], [111, 0]], 
      "backward_source_id": -1
    }, 
    {
      "op": "Activation", 
      "param": {"act_type": "relu"}, 
      "name": "relu10_2", 
      "inputs": [[112, 0]], 
      "backward_source_id": -1
    }, 
    {
      "op": "null", 
      "param": {}, 
      "name": "relu10_2_cls_pred_conv_weight", 
      "inputs": [], 
      "backward_source_id": -1
    }, 
    {
      "op": "null", 
      "param": {}, 
      "name": "relu10_2_cls_pred_conv_bias", 
      "inputs": [], 
      "backward_source_id": -1
    }, 
    {
      "op": "Convolution", 
      "param": {
        "cudnn_off": "False", 
        "cudnn_tune": "off", 
        "dilate": "(1,1)", 
        "kernel": "(3,3)", 
        "no_bias": "False", 
        "num_filter": "126", 
        "num_group": "1", 
        "pad": "(1,1)", 
        "stride": "(1,1)", 
        "workspace": "1024"
      }, 
      "name": "relu10_2_cls_pred_conv", 
      "inputs": [[113, 0], [114, 0], [115, 0]], 
      "backward_source_id": -1
    }, 
    {
      "op": "transpose", 
      "param": {"axes": "(0, 2, 3, 1)"}, 
      "name": "transpose9", 
      "inputs": [[116, 0]], 
      "backward_source_id": -1
    }, 
    {
      "op": "Flatten", 
      "param": {}, 
      "name": "flatten13", 
      "inputs": [[117, 0]], 
      "backward_source_id": -1
    }, 
    {
      "op": "Pooling", 
      "param": {
        "global_pool": "True", 
        "kernel": "(1,1)", 
        "pad": "(0,0)", 
        "pool_type": "avg", 
        "pooling_convention": "valid", 
        "stride": "(1,1)"
      }, 
      "name": "pool10", 
      "inputs": [[113, 0]], 
      "backward_source_id": -1
    }, 
    {
      "op": "null", 
      "param": {}, 
      "name": "pool10_cls_pred_conv_weight", 
      "inputs": [], 
      "backward_source_id": -1
    }, 
    {
      "op": "null", 
      "param": {}, 
      "name": "pool10_cls_pred_conv_bias", 
      "inputs": [], 
      "backward_source_id": -1
    }, 
    {
      "op": "Convolution", 
      "param": {
        "cudnn_off": "False", 
        "cudnn_tune": "off", 
        "dilate": "(1,1)", 
        "kernel": "(3,3)", 
        "no_bias": "False", 
        "num_filter": "126", 
        "num_group": "1", 
        "pad": "(1,1)", 
        "stride": "(1,1)", 
        "workspace": "1024"
      }, 
      "name": "pool10_cls_pred_conv", 
      "inputs": [[119, 0], [120, 0], [121, 0]], 
      "backward_source_id": -1
    }, 
    {
      "op": "transpose", 
      "param": {"axes": "(0, 2, 3, 1)"}, 
      "name": "transpose11", 
      "inputs": [[122, 0]], 
      "backward_source_id": -1
    }, 
    {
      "op": "Flatten", 
      "param": {}, 
      "name": "flatten16", 
      "inputs": [[123, 0]], 
      "backward_source_id": -1
    }, 
    {
      "op": "Concat", 
      "param": {
        "dim": "1", 
        "num_args": "6"
      }, 
      "name": "concat0", 
      "inputs": [[52, 0], [79, 0], [92, 0], [105, 0], [118, 0], [124, 0]], 
      "backward_source_id": -1
    }, 
    {
      "op": "Reshape", 
      "param": {
        "keep_highest": "False", 
        "reverse": "False", 
        "shape": "(0,-1,21)", 
        "target_shape": "(0,0)"
      }, 
      "name": "reshape0", 
      "inputs": [[125, 0]], 
      "backward_source_id": -1
    }, 
    {
      "op": "transpose", 
      "param": {"axes": "(0, 2, 1)"}, 
      "name": "multibox_cls_pred", 
      "inputs": [[126, 0]], 
      "backward_source_id": -1
    }, 
    {
      "op": "SoftmaxActivation", 
      "param": {"mode": "channel"}, 
      "name": "cls_prob", 
      "inputs": [[127, 0]], 
      "backward_source_id": -1
    }, 
    {
      "op": "null", 
      "param": {}, 
      "name": "relu4_3_loc_pred_conv_weight", 
      "inputs": [], 
      "backward_source_id": -1
    }, 
    {
      "op": "null", 
      "param": {}, 
      "name": "relu4_3_loc_pred_conv_bias", 
      "inputs": [], 
      "backward_source_id": -1
    }, 
    {
      "op": "Convolution", 
      "param": {
        "cudnn_off": "False", 
        "cudnn_tune": "off", 
        "dilate": "(1,1)", 
        "kernel": "(3,3)", 
        "no_bias": "False", 
        "num_filter": "12", 
        "num_group": "1", 
        "pad": "(1,1)", 
        "stride": "(1,1)", 
        "workspace": "1024"
      }, 
      "name": "relu4_3_loc_pred_conv", 
      "inputs": [[47, 0], [129, 0], [130, 0]], 
      "backward_source_id": -1
    }, 
    {
      "op": "transpose", 
      "param": {"axes": "(0, 2, 3, 1)"}, 
      "name": "transpose0", 
      "inputs": [[131, 0]], 
      "backward_source_id": -1
    }, 
    {
      "op": "Flatten", 
      "param": {}, 
      "name": "flatten0", 
      "inputs": [[132, 0]], 
      "backward_source_id": -1
    }, 
    {
      "op": "null", 
      "param": {}, 
      "name": "relu7_loc_pred_conv_weight", 
      "inputs": [], 
      "backward_source_id": -1
    }, 
    {
      "op": "null", 
      "param": {}, 
      "name": "relu7_loc_pred_conv_bias", 
      "inputs": [], 
      "backward_source_id": -1
    }, 
    {
      "op": "Convolution", 
      "param": {
        "cudnn_off": "False", 
        "cudnn_tune": "off", 
        "dilate": "(1,1)", 
        "kernel": "(3,3)", 
        "no_bias": "False", 
        "num_filter": "24", 
        "num_group": "1", 
        "pad": "(1,1)", 
        "stride": "(1,1)", 
        "workspace": "1024"
      }, 
      "name": "relu7_loc_pred_conv", 
      "inputs": [[74, 0], [134, 0], [135, 0]], 
      "backward_source_id": -1
    }, 
    {
      "op": "transpose", 
      "param": {"axes": "(0, 2, 3, 1)"}, 
      "name": "transpose2", 
      "inputs": [[136, 0]], 
      "backward_source_id": -1
    }, 
    {
      "op": "Flatten", 
      "param": {}, 
      "name": "flatten3", 
      "inputs": [[137, 0]], 
      "backward_source_id": -1
    }, 
    {
      "op": "null", 
      "param": {}, 
      "name": "relu8_2_loc_pred_conv_weight", 
      "inputs": [], 
      "backward_source_id": -1
    }, 
    {
      "op": "null", 
      "param": {}, 
      "name": "relu8_2_loc_pred_conv_bias", 
      "inputs": [], 
      "backward_source_id": -1
    }, 
    {
      "op": "Convolution", 
      "param": {
        "cudnn_off": "False", 
        "cudnn_tune": "off", 
        "dilate": "(1,1)", 
        "kernel": "(3,3)", 
        "no_bias": "False", 
        "num_filter": "24", 
        "num_group": "1", 
        "pad": "(1,1)", 
        "stride": "(1,1)", 
        "workspace": "1024"
      }, 
      "name": "relu8_2_loc_pred_conv", 
      "inputs": [[87, 0], [139, 0], [140, 0]], 
      "backward_source_id": -1
    }, 
    {
      "op": "transpose", 
      "param": {"axes": "(0, 2, 3, 1)"}, 
      "name": "transpose4", 
      "inputs": [[141, 0]], 
      "backward_source_id": -1
    }, 
    {
      "op": "Flatten", 
      "param": {}, 
      "name": "flatten6", 
      "inputs": [[142, 0]], 
      "backward_source_id": -1
    }, 
    {
      "op": "null", 
      "param": {}, 
      "name": "relu9_2_loc_pred_conv_weight", 
      "inputs": [], 
      "backward_source_id": -1
    }, 
    {
      "op": "null", 
      "param": {}, 
      "name": "relu9_2_loc_pred_conv_bias", 
      "inputs": [], 
      "backward_source_id": -1
    }, 
    {
      "op": "Convolution", 
      "param": {
        "cudnn_off": "False", 
        "cudnn_tune": "off", 
        "dilate": "(1,1)", 
        "kernel": "(3,3)", 
        "no_bias": "False", 
        "num_filter": "24", 
        "num_group": "1", 
        "pad": "(1,1)", 
        "stride": "(1,1)", 
        "workspace": "1024"
      }, 
      "name": "relu9_2_loc_pred_conv", 
      "inputs": [[100, 0], [144, 0], [145, 0]], 
      "backward_source_id": -1
    }, 
    {
      "op": "transpose", 
      "param": {"axes": "(0, 2, 3, 1)"}, 
      "name": "transpose6", 
      "inputs": [[146, 0]], 
      "backward_source_id": -1
    }, 
    {
      "op": "Flatten", 
      "param": {}, 
      "name": "flatten9", 
      "inputs": [[147, 0]], 
      "backward_source_id": -1
    }, 
    {
      "op": "null", 
      "param": {}, 
      "name": "relu10_2_loc_pred_conv_weight", 
      "inputs": [], 
      "backward_source_id": -1
    }, 
    {
      "op": "null", 
      "param": {}, 
      "name": "relu10_2_loc_pred_conv_bias", 
      "inputs": [], 
      "backward_source_id": -1
    }, 
    {
      "op": "Convolution", 
      "param": {
        "cudnn_off": "False", 
        "cudnn_tune": "off", 
        "dilate": "(1,1)", 
        "kernel": "(3,3)", 
        "no_bias": "False", 
        "num_filter": "24", 
        "num_group": "1", 
        "pad": "(1,1)", 
        "stride": "(1,1)", 
        "workspace": "1024"
      }, 
      "name": "relu10_2_loc_pred_conv", 
      "inputs": [[113, 0], [149, 0], [150, 0]], 
      "backward_source_id": -1
    }, 
    {
      "op": "transpose", 
      "param": {"axes": "(0, 2, 3, 1)"}, 
      "name": "transpose8", 
      "inputs": [[151, 0]], 
      "backward_source_id": -1
    }, 
    {
      "op": "Flatten", 
      "param": {}, 
      "name": "flatten12", 
      "inputs": [[152, 0]], 
      "backward_source_id": -1
    }, 
    {
      "op": "null", 
      "param": {}, 
      "name": "pool10_loc_pred_conv_weight", 
      "inputs": [], 
      "backward_source_id": -1
    }, 
    {
      "op": "null", 
      "param": {}, 
      "name": "pool10_loc_pred_conv_bias", 
      "inputs": [], 
      "backward_source_id": -1
    }, 
    {
      "op": "Convolution", 
      "param": {
        "cudnn_off": "False", 
        "cudnn_tune": "off", 
        "dilate": "(1,1)", 
        "kernel": "(3,3)", 
        "no_bias": "False", 
        "num_filter": "24", 
        "num_group": "1", 
        "pad": "(1,1)", 
        "stride": "(1,1)", 
        "workspace": "1024"
      }, 
      "name": "pool10_loc_pred_conv", 
      "inputs": [[119, 0], [154, 0], [155, 0]], 
      "backward_source_id": -1
    }, 
    {
      "op": "transpose", 
      "param": {"axes": "(0, 2, 3, 1)"}, 
      "name": "transpose10", 
      "inputs": [[156, 0]], 
      "backward_source_id": -1
    }, 
    {
      "op": "Flatten", 
      "param": {}, 
      "name": "flatten15", 
      "inputs": [[157, 0]], 
      "backward_source_id": -1
    }, 
    {
      "op": "Concat", 
      "param": {
        "dim": "1", 
        "num_args": "6"
      }, 
      "name": "multibox_loc_pred", 
      "inputs": [[133, 0], [138, 0], [143, 0], [148, 0], [153, 0], [158, 0]], 
      "backward_source_id": -1
    }, 
    {
      "op": "MultiBoxPrior", 
      "param": {
        "clip": "True", 
        "ratios": "(1,2,0.5)", 
        "sizes": "(0.1,)"
      }, 
      "name": "relu4_3_anchors", 
      "inputs": [[47, 0]], 
      "backward_source_id": -1
    }, 
    {
      "op": "Flatten", 
      "param": {}, 
      "name": "flatten2", 
      "inputs": [[160, 0]], 
      "backward_source_id": -1
    }, 
    {
      "op": "MultiBoxPrior", 
      "param": {
        "clip": "True", 
        "ratios": "(1,2,0.5,3,0.333333)", 
        "sizes": "(0.2,0.276)"
      }, 
      "name": "relu7_anchors", 
      "inputs": [[74, 0]], 
      "backward_source_id": -1
    }, 
    {
      "op": "Flatten", 
      "param": {}, 
      "name": "flatten5", 
      "inputs": [[162, 0]], 
      "backward_source_id": -1
    }, 
    {
      "op": "MultiBoxPrior", 
      "param": {
        "clip": "True", 
        "ratios": "(1,2,0.5,3,0.333333)", 
        "sizes": "(0.38,0.461)"
      }, 
      "name": "relu8_2_anchors", 
      "inputs": [[87, 0]], 
      "backward_source_id": -1
    }, 
    {
      "op": "Flatten", 
      "param": {}, 
      "name": "flatten8", 
      "inputs": [[164, 0]], 
      "backward_source_id": -1
    }, 
    {
      "op": "MultiBoxPrior", 
      "param": {
        "clip": "True", 
        "ratios": "(1,2,0.5,3,0.333333)", 
        "sizes": "(0.56,0.644)"
      }, 
      "name": "relu9_2_anchors", 
      "inputs": [[100, 0]], 
      "backward_source_id": -1
    }, 
    {
      "op": "Flatten", 
      "param": {}, 
      "name": "flatten11", 
      "inputs": [[166, 0]], 
      "backward_source_id": -1
    }, 
    {
      "op": "MultiBoxPrior", 
      "param": {
        "clip": "True", 
        "ratios": "(1,2,0.5,3,0.333333)", 
        "sizes": "(0.74,0.825)"
      }, 
      "name": "relu10_2_anchors", 
      "inputs": [[113, 0]], 
      "backward_source_id": -1
    }, 
    {
      "op": "Flatten", 
      "param": {}, 
      "name": "flatten14", 
      "inputs": [[168, 0]], 
      "backward_source_id": -1
    }, 
    {
      "op": "MultiBoxPrior", 
      "param": {
        "clip": "True", 
        "ratios": "(1,2,0.5,3,0.333333)", 
        "sizes": "(0.92,1.01)"
      }, 
      "name": "pool10_anchors", 
      "inputs": [[119, 0]], 
      "backward_source_id": -1
    }, 
    {
      "op": "Flatten", 
      "param": {}, 
      "name": "flatten17", 
      "inputs": [[170, 0]], 
      "backward_source_id": -1
    }, 
    {
      "op": "Concat", 
      "param": {
        "dim": "1", 
        "num_args": "6"
      }, 
      "name": "concat1", 
      "inputs": [[161, 0], [163, 0], [165, 0], [167, 0], [169, 0], [171, 0]], 
      "backward_source_id": -1
    }, 
    {
      "op": "Reshape", 
      "param": {
        "keep_highest": "False", 
        "reverse": "False", 
        "shape": "(0,-1,4)", 
        "target_shape": "(0,0)"
      }, 
      "name": "multibox_anchors", 
      "inputs": [[172, 0]], 
      "backward_source_id": -1
    }, 
    {
      "op": "MultiBoxDetection", 
      "param": {
        "background_id": "0", 
        "clip": "True", 
        "force_suppress": "True", 
        "nms_threshold": "0.5", 
        "threshold": "0.01", 
        "variances": "(0.1,0.1,0.2,0.2)"
      }, 
      "name": "detection", 
      "inputs": [[128, 0], [159, 0], [173, 0]], 
      "backward_source_id": -1
    }
  ], 
  "arg_nodes": [
    0, 
    1, 
    2, 
    3, 
    6, 
    7, 
    11, 
    12, 
    15, 
    16, 
    20, 
    21, 
    24, 
    25, 
    28, 
    29, 
    33, 
    34, 
    37, 
    38, 
    41, 
    42, 
    48, 
    49, 
    54, 
    55, 
    58, 
    59, 
    62, 
    63, 
    67, 
    68, 
    71, 
    72, 
    75, 
    76, 
    80, 
    81, 
    84, 
    85, 
    88, 
    89, 
    93, 
    94, 
    97, 
    98, 
    101, 
    102, 
    106, 
    107, 
    110, 
    111, 
    114, 
    115, 
    120, 
    121, 
    129, 
    130, 
    134, 
    135, 
    139, 
    140, 
    144, 
    145, 
    149, 
    150, 
    154, 
    155
  ], 
  "heads": [[174, 0]]
}